run_id,mode,seed,best_epoch,protocol,metric,mean,delta_from_baseline
github_QB_baseline_k6_s42,github,42,100,RR,SAM,4.955442644735034,0.0
github_QB_baseline_k6_s42,github,42,100,RR,ERGAS,4.117560623875705,0.0
github_QB_baseline_k6_s42,github,42,100,RR,PSNR,37.45387937776282,0.0
github_QB_baseline_k6_s42,github,42,100,RR,SCC,0.9770157545380768,0.0
github_QB_baseline_k6_s42,github,42,100,RR,Q2n,0.9243940024000835,0.0
github_QB_baseline_k6_s42,github,42,100,RR,MSE_peak1,0.0002151111268957207,0.0
github_QB_baseline_k6_s42,github,42,100,RR,PSNR_sensor_peak,37.45387937776282,0.0
github_QB_baseline_k6_s42,github,42,100,FR,D_lambda,0.041631319771413475,0.0
github_QB_baseline_k6_s42,github,42,100,FR,D_s,0.04076465670786119,0.0
github_QB_baseline_k6_s42,github,42,100,FR,QNR,0.9197563920677817,0.0
pasted_QB_band_gated_hf_k6_s42,pasted,42,99,RR,SAM,4.964271642971103,0.008828998236069197
pasted_QB_band_gated_hf_k6_s42,pasted,42,99,RR,ERGAS,4.197870032172892,0.08030940829718691
pasted_QB_band_gated_hf_k6_s42,pasted,42,99,RR,PSNR,37.278887595604104,-0.17499178215871325
pasted_QB_band_gated_hf_k6_s42,pasted,42,99,RR,SCC,0.9756575759919175,-0.0013581785461592721
pasted_QB_band_gated_hf_k6_s42,pasted,42,99,RR,Q2n,0.9215697872323405,-0.002824215167743005
pasted_QB_band_gated_hf_k6_s42,pasted,42,99,RR,MSE_peak1,0.00022283278008479492,7.72165318907423e-06
pasted_QB_band_gated_hf_k6_s42,pasted,42,99,RR,PSNR_sensor_peak,37.278887595604104,-0.17499178215871325
pasted_QB_band_gated_hf_k6_s42,pasted,42,99,FR,D_lambda,0.037399975782825313,-0.004231343988588161
pasted_QB_band_gated_hf_k6_s42,pasted,42,99,FR,D_s,0.044066456999448646,0.003301800291587456
pasted_QB_band_gated_hf_k6_s42,pasted,42,99,FR,QNR,0.9207420429524797,0.0009856508846980416
