run,best_epoch,protocol,metric,value
A0_QB_s42,100,RR,SAM,5.814783642910312
A0_QB_s42,100,RR,ERGAS,5.736073356158423
A0_QB_s42,100,RR,PSNR,34.65441115285951
A0_QB_s42,100,RR,SCC,0.950824809441227
A0_QB_s42,100,RR,Q2n,0.889643069758353
A0_QB_s42,100,RR,MSE_peak1,0.0004222169628552353
A0_QB_s42,100,RR,inference_ms,9.771147274971009
A0_QB_s42,100,FR,D_lambda,0.02258624367967457
A0_QB_s42,100,FR,D_s,0.036485072168269767
A0_QB_s42,100,FR,QNR,0.9420422992673323
A0_QB_s42,100,FR,inference_ms,36.71971817016602
A1_QB_s42,100,RR,SAM,5.897220673611682
A1_QB_s42,100,RR,ERGAS,5.899377695432813
A1_QB_s42,100,RR,PSNR,34.40088203469344
A1_QB_s42,100,RR,SCC,0.9479857701881282
A1_QB_s42,100,RR,Q2n,0.8861159830742226
A1_QB_s42,100,RR,MSE_peak1,0.00044852517753099925
A1_QB_s42,100,RR,inference_ms,10.265283226966858
A1_QB_s42,100,FR,D_lambda,0.024910797320585397
A1_QB_s42,100,FR,D_s,0.03597915294604309
A1_QB_s42,100,FR,QNR,0.9404260374972498
A1_QB_s42,100,FR,inference_ms,37.43304615020752
