epoch,train_mse,val_mse,val_psnr_peak1,val_sam_deg,train_seconds,validation_seconds,samples_per_second,sample_order_sha256,scaler_scale,scale_at_epoch_start,peak_gb
1,0.0009650955745729505,0.0006363813299685717,34.87210464477539,6.867964744567871,9.570873587999813,1.6220478119994368,1790.745624463088,3d3fc8b651adf92ff9a31bd6b6183776c1494111ca693718c093a388af597076,65536.0,65536.0,1.6951208114624023
2,0.0005611701233668301,0.0005318268667906523,35.41152572631836,6.685300350189209,9.542832060000364,1.5843125490009697,1796.0077147160175,4b4fcb78f22dc1726bf4cda566c5843792c7381ebc42a23a6b76d2454e8f4655,65536.0,65536.0,1.6983041763305664
3,0.0004998184673875742,0.0004946922417730093,35.63657760620117,6.5485382080078125,9.945100328999615,1.663253528999121,1723.3611962689997,de2d2acf643da926b594fc465136aed4b59e7638185dbcc6e204eccf97e11675,65536.0,65536.0,1.6983041763305664
4,0.0004738456586844401,0.00047571599134244025,35.7535285949707,6.473563194274902,10.66806804099906,1.6993925890001265,1606.5701806674022,af188a509bba15120fdf357a90d10734eddf1d324926856eddc9b188e7b4f855,131072.0,65536.0,1.6983041763305664
5,0.00045957592568357877,0.00046337893581949174,35.8355712890625,6.425032615661621,9.708893775001343,1.6053044799991767,1765.2886515382263,46c2b3f0101cd930f6c9a6d5495d5055ba5ea996bd9a7158cfde4f45a8505461,131072.0,131072.0,1.6983041763305664
6,0.0004451982540862741,0.0004479600174818188,35.931884765625,6.3923444747924805,9.719480948999262,1.5683566640000208,1763.36576921473,47fe6e525360fe7f71760bcc8bb5313d0364444c5ec7755109c828b1cedbac4f,131072.0,131072.0,1.6983041763305664
7,0.00043263061060762814,0.0004372492549009621,35.99176025390625,6.339221954345703,9.502451062000546,1.5411447469996347,1803.639912289297,e0c8f01c29573ee92d9d12d06a06306d79c452a881d3e26ccc3e9cd6c06eebc4,131072.0,131072.0,1.6983041763305664
8,0.0004234065768671571,0.000428283674409613,36.06428909301758,6.290600776672363,9.67652109700066,1.562963745000161,1771.194402222966,d12fe661f25b3b4820470666981455fa15ea2777ca4770e634c96054ce7f817e,262144.0,131072.0,1.6983041763305664
9,0.0004145119623925255,0.0004191329062450677,36.151817321777344,6.192766189575195,9.734941048998735,1.5858757759997388,1760.565360769472,5160aa9bffb1354d7e371c2a331e88d6de89bed4ec52f3a0c570d31023435b0a,262144.0,262144.0,1.6983041763305664
10,0.00040586600032517604,0.0004116279014851898,36.22807693481445,6.099379062652588,9.750670123999953,1.5967276459996356,1757.7253442114377,a1643a4ad24140072feadfbf9b54138ccf73347fbb2697ddfffd19e998ea5a37,262144.0,262144.0,1.6983041763305664
11,0.00039917605902681317,0.0004063223022967577,36.26613235473633,6.037378787994385,9.921415091999734,1.6146643819993187,1727.4753491384774,4a13ab46676846063f60710c12a79a8ab36431169315d5d0705aa72030a42ad1,262144.0,262144.0,1.6983041763305664
12,0.0003942805684018081,0.00040052406257018447,36.3472900390625,5.9808430671691895,9.659618744000909,1.599069349000274,1774.29362940894,e11c2929d135a237a480ad3aa59ae27025903da613e3481fdd36dc902ae58b05,524288.0,262144.0,1.6983041763305664
13,0.00038953410269849253,0.00039641460170969367,36.39712142944336,5.916904926300049,9.712414191999414,1.5862599020001653,1764.648794953393,3e5dd3e29be0b3ecd438c18728c578d6eb970ba5298a3faf939c73f769745e8a,524288.0,524288.0,1.6983041763305664
14,0.0003841951091901668,0.0003905966295860708,36.46907424926758,5.847906589508057,9.744898835999265,1.5780800800002908,1758.7663338982754,4772fc87289f5e317c9f32282805585953ec9e88804283ddf7574b5878d35b3d,524288.0,524288.0,1.6983041763305664
15,0.000379162525884527,0.0003858413838315755,36.526424407958984,5.784762382507324,9.694743848000144,1.5782634419992974,1767.8651719648556,00c3b0fc7d70c65cf4dcfb7bee5d4bc3174e50218867f8fc289e4e049f3c92ac,1048576.0,524288.0,1.6983041763305664
16,0.00037505355285578917,0.0003823733131866902,36.5576286315918,5.733433723449707,9.922835347999353,1.5857592960001057,1727.2280954914336,6c32bd72b4b1a1e673aa28f361ede9b3d3c652af817027fa6cf38611d0eb7e07,1048576.0,1048576.0,1.6983041763305664
17,0.000371254476583381,0.000378239928977564,36.63099670410156,5.68404483795166,9.760072479999508,1.5894717169994692,1756.0320412703395,db03587da36deee804db7ea14c700959aaaa9055d85ea888c8fab516853ae07a,1048576.0,1048576.0,1.6983041763305664
18,0.00036771673020518,0.00037636581691913307,36.688358306884766,5.632472991943359,9.704950383000323,1.5926430059989798,1766.0059375493079,94d6eed17825b94e87a4729ba46424809060532ce64f6e3a0825b93db53e6682,1048576.0,1048576.0,1.6983041763305664
19,0.0003646191706583365,0.0003729462332557887,36.690513610839844,5.616206645965576,9.601228122000975,1.6098297129992716,1785.0841353020671,fe28ff30942ed90adda576797cef05627ef8b1abe07d8ed0c703b5a9d638a099,2097152.0,1048576.0,1.6983041763305664
20,0.0003625262284032228,0.0003745036665350199,36.66634750366211,5.59124231338501,9.90227902299921,1.5922491929995886,1730.813680385359,d249c3666d8949b0f15ac4b99743e8e0de09fe4673a31d4ea04002ec2311334f,2097152.0,2097152.0,1.6983041763305664
21,0.00036003757106496773,0.0003680498921312392,36.77006912231445,5.549698352813721,9.590223351999157,1.5909414309990098,1787.1325172449963,e7796a91d646cdaac7b989fea6d093b378a9f3eb90db62654fa6d6c7178b9121,2097152.0,2097152.0,1.6983041763305664
22,0.0003577675018092088,0.0003680543741211295,36.76985168457031,5.540790557861328,9.945407900000646,1.5882880900007876,1723.3078997191142,2d634af273c7ff19a7e23d6965f4fd87b89d3d9c899f888144bbb0dc4049d014,2097152.0,2097152.0,1.6983041763305664
23,0.0003556623324404136,0.00036468353937380016,36.778045654296875,5.530846118927002,9.782158953001272,1.585182758000883,1752.0672156673113,c47e27877a69ecaeb513fc5ffe2fd4d9de57c6deab68c3d35582573666066553,4194304.0,2097152.0,1.6983041763305664
24,0.00035335382641514486,0.0003637665940914303,36.809234619140625,5.491195201873779,9.800390123000398,1.6002456750011333,1748.8079336532453,ffca433ed40689132a0761c70e60ef31fe7c7fc5415103b727a10cf29dea8b4b,4194304.0,4194304.0,1.6983041763305664
25,0.0003516649952202428,0.00036049215123057365,36.859222412109375,5.476470947265625,9.727569796999887,1.5911328780002805,1761.8994628325254,00c664e41a40424916278cb2ba322a2bd68778a8833403ea1a65ebb0df08a6fe,4194304.0,4194304.0,1.6983041763305664
26,0.00034950785628813164,0.0003571186971385032,36.88241958618164,5.44533109664917,10.022541211999851,1.5835268800001359,1710.0453505224514,168e4b41e69806b2e1d806de08a800c0035a4660e6820de6895845dbcd39229f,4194304.0,4194304.0,1.6983041763305664
27,0.0003477092013992859,0.00035562171251513064,36.89559555053711,5.423707962036133,9.629598084999088,1.5773247630004334,1779.825061099798,d9ada122430c3ea08d713f90f496fcab6b549547b741c8d322748efcad15a6d1,8388608.0,4194304.0,1.6983041763305664
28,0.00034586787829122607,0.0003537831362336874,36.91944885253906,5.401620864868164,9.69969176199993,1.5864755719994719,1766.9633654901006,eac93af636f9ad3371b30abcca3f88107efe799c0ff54b2b72230198a1c13ce8,8388608.0,8388608.0,1.6983041763305664
29,0.0003439775239316374,0.0003517821605782956,36.949241638183594,5.39803409576416,10.069145388999459,1.5965722700002516,1702.1305520848232,e365611c6afc195acee210b97bd9a005b488fd63886fd5ac4e72463b3bff87ca,8388608.0,8388608.0,1.6983041763305664
30,0.00034237337836943174,0.00035132502671331167,36.95195770263672,5.391672134399414,9.755229741998846,1.5900405419997696,1756.9037791300873,155356f9fa6679d805aef819ed07abb7001190f0868034ebbc3a833490157295,16777216.0,8388608.0,1.6983041763305664
31,0.0003409853993657833,0.0003486767236609012,36.95874786376953,5.392800331115723,9.823182328998882,1.5929318069993315,1744.7502678845929,3469b599412786b9184f632d4cfd53bb1b77304b7058ee03ded9b0dafc3156e4,16777216.0,16777216.0,1.6983041763305664
32,0.0003393858534857651,0.0003473717952147126,36.98827362060547,5.358819961547852,9.684174650001296,1.5853995719990053,1769.7945998937253,03aa772f6edffbb3613314585ab36bc68ff9cad571b9da150a2f19fe029b82b9,16777216.0,16777216.0,1.6983041763305664
33,0.0003379689638230492,0.0003460766456555575,36.9929313659668,5.359797954559326,9.760914987999058,1.5906466489996092,1755.8804703321584,a5da196aac998b10f5e419d65f30c9b5436efea2a133d1ade94f4903bd4e49cf,16777216.0,16777216.0,1.6983041763305664
34,0.00033655243330965026,0.0003459379659034312,37.028377532958984,5.337581634521484,9.961403199000415,1.5982654050003475,1720.5407368431615,0141cb799795edcc1226c7ae386f379c5e63b6c1c6dba6a3084a2683bc67502d,33554432.0,16777216.0,1.6983041763305664
35,0.00033533842632678466,0.0003436781116761267,37.0079231262207,5.337124824523926,9.911589039000319,1.6135775490001834,1729.1879165450787,b236fecdbb6b89a209150c22b66ff3ce6e785fde12d5944139a6f4e2fc2a58a5,33554432.0,33554432.0,1.6983041763305664
36,0.00033435283248833396,0.00034683270496316254,36.989437103271484,5.344052791595459,9.899557324000853,1.602751532000184,1731.2895353863526,02bc1111cc42dee33217cf1e7da656923f8cebb9c74c561c6c5bba85cf963aba,33554432.0,33554432.0,1.6983041763305664
37,0.00033332248174390214,0.0003405474126338959,37.066650390625,5.318070411682129,9.687337540000954,1.60273039599997,1769.2167666533392,e18d06f61019803bc3dd987f5be2aa16f654555e750a1658971aa1de1fffb91f,33554432.0,33554432.0,1.6983041763305664
38,0.0003321352390113342,0.00034464403870515525,37.03983688354492,5.341803073883057,9.727880740998444,1.6036744379998709,1761.8431451124984,abb5a02d8b80f1c4cbdbedca69e5805aa9519ed098d196f6d10c37e88ac928cb,67108864.0,33554432.0,1.6983041763305664
39,0.00033084055468214765,0.0003386029857210815,37.08347702026367,5.303887367248535,9.834194449998904,1.589066892000119,1742.7965337823791,18ad67a822e65dc9cd653d7b76b0fdc69e39c9cfd34a6ac8d531585fda5d7aac,67108864.0,67108864.0,1.6983041763305664
40,0.0003296178541512955,0.0003368851903360337,37.091312408447266,5.317193508148193,9.664542812000946,1.6001197369987494,1773.3896298454642,ec4476c40d3a67fb895a95c329058c6971b5cab206af8a685712a96029698b77,67108864.0,67108864.0,1.6983041763305664
41,0.00032844958943409943,0.0003392688522581011,37.06477355957031,5.321068286895752,9.845770198999162,1.5989289270000882,1740.7475142718856,21f83418b7e94132e02e11bd852f5b432f93b898b72c759f6b94b91fc55b8a72,67108864.0,67108864.0,1.6983041763305664
42,0.00032742287992544106,0.00033574996632523835,37.107147216796875,5.297855854034424,10.034668123000301,1.598881027999596,1707.9787582327685,d9d2f146c2ea84a0481ae7227d5070c8d88331a59fedecd4a4b8a400d65e2453,67108864.0,67108864.0,1.6983041763305664
43,0.0003259955470445495,0.0003325915604364127,37.14641189575195,5.286644458770752,10.001471945000958,1.597634003001076,1713.6477604745567,a31a6a02420208873db8662e6e0080de6b853efbc93208c69fa408ee793384bc,67108864.0,67108864.0,1.6983041763305664
44,0.00032461309208512866,0.0003369665937498212,37.10873031616211,5.300355911254883,9.750364676001482,1.5970092190000287,1757.7804081712068,32dcdbe63a6049043642086d646bb6e32315c971e173998ff03aab1102a9a762,67108864.0,67108864.0,1.6983041763305664
45,0.0003229840337697118,0.00033316563349217176,37.16979217529297,5.283858776092529,9.710136910998699,1.597906551000051,1765.0626512368335,6cfc356abc4b8777f4802056b56f21725f6ca6147a72960f6a12e47ddca7a78d,67108864.0,67108864.0,1.6983041763305664
46,0.00032131522175301344,0.00032829222618602216,37.1890983581543,5.2755866050720215,9.834468631999698,1.5902519119990757,1742.7479451439392,19bb0c109563f3ebbd03e336907df7f57230d591ea69f756698723abd746812a,67108864.0,67108864.0,1.6983041763305664
47,0.0003200415260929229,0.00032740659662522376,37.192142486572266,5.275805950164795,9.646781190000183,1.583704308999586,1776.6547890363909,951193357782815f5cc2f8071304cfee9a5b6fa65d843eddb201d89f86169a30,67108864.0,67108864.0,1.6983041763305664
48,0.0003179421600082227,0.00032468955032527447,37.214691162109375,5.263315200805664,9.679763739000919,1.590537394000421,1770.6010665265446,0052ee5efcf59502710734862e5a35837685326b911f03fe406c7a13522209be,67108864.0,67108864.0,1.6983041763305664
49,0.00031649903416187426,0.00032367659150622785,37.226837158203125,5.273017883300781,9.627071823000733,1.5997692460005055,1780.2921090764044,90afbead2961dbf238baef0f5ac94bba3a9eae041a9edbe84fcb695a0ac6eff6,67108864.0,67108864.0,1.6983041763305664
50,0.00031510811386796164,0.00032549109891988337,37.2059440612793,5.276133060455322,9.944325987999036,1.5916682650004077,1723.4953903043408,3734be59c9a18084eb2a1e2eff72a1164b2191f83c7f0b00d70e635567865aed,134217728.0,67108864.0,1.6983041763305664
51,0.0003129065182362456,0.00032112651388160884,37.25129699707031,5.265971660614014,10.259168882999802,1.5849367780010652,1670.6031643947867,131703271db4c057c2a65044d122157cead6c15284a20ac94f05cbe4ade3047a,134217728.0,134217728.0,1.6983041763305664
52,0.0003116673318143955,0.0003179300983902067,37.271121978759766,5.260722637176514,9.874867506001465,1.5809038900006271,1735.6182236960392,a8355ccf0023bf11b43ef3152f9190d50137039ba62dd66f23f944e55752b2dd,134217728.0,134217728.0,1.6983041763305664
53,0.00030945582026192705,0.00031932309502735734,37.247886657714844,5.27650785446167,10.155460587000562,1.5852496110001084,1687.6634844054909,91212020ed3b0a5342dd3f48954c45fe3acc34268e7f50f189f9367ffe0677cd,134217728.0,134217728.0,1.6983041763305664
54,0.0003084825671132474,0.00031480781035497785,37.309967041015625,5.264011859893799,9.678330045999246,1.5899856430005457,1770.8633533410848,6ec0f6ef3c52faeca53d29b48102410a3428ad21c3b2c9fc161304feb8d12e3c,67108864.0,134217728.0,1.6983041763305664
55,0.0003063096363500138,0.00031517475144937634,37.316184997558594,5.2565460205078125,10.388780917999611,1.5940694219989382,1649.7604613362241,1f0fdf851cc597e95d6789e38d74fbca167d717ad2ec58905e9841c5ad9d06c5,67108864.0,67108864.0,1.6983041763305664
56,0.0003047715370566178,0.000310026720399037,37.3492546081543,5.2519049644470215,9.862113661998592,1.5970860099987476,1737.862753097364,a9807eb037e74c42df7ca899e456789894752ccaf9a45eb2fadb694ceda18efd,67108864.0,67108864.0,1.6983041763305664
57,0.0003034533243394599,0.0003087079676333815,37.35376739501953,5.251553058624268,9.779146145001505,1.595947244000854,1752.6070012523944,119f3d3ff5813dad26d6b8de6c57cebc131590b1eba732f618a71138d1a9a111,67108864.0,67108864.0,1.6983041763305664
58,0.00030063117011534183,0.00030821896507404745,37.35757064819336,5.252418518066406,9.701690507999956,1.5988795909997862,1766.5993350197352,3ae530682dcd96521ad9647205052711998b237df8c10feb1d02eb64bcfbb6db,134217728.0,67108864.0,1.6983041763305664
59,0.00030033530705998366,0.0003052785468753427,37.38984680175781,5.238745212554932,9.656078646999958,1.5980382910001936,1774.9441182653277,e02030159c8e1053e4a03ee66faa1b172e150c7989c9682064b7000940e9cc43,67108864.0,134217728.0,1.6983041763305664
60,0.00029756824798568657,0.0003057329449802637,37.34284591674805,5.265530586242676,9.67969012299909,1.596114387999478,1770.6145323058922,754086f48b9330feb5d952892d041d17bb01f57391a5eed35c2d94adca9c8620,67108864.0,67108864.0,1.6983041763305664
61,0.00029645308118641324,0.0003028848150279373,37.4029541015625,5.251443862915039,9.739224255999943,1.6000313220010867,1759.7910828925983,1b7b6fa89631218a1bbd072b2ba908744f3f04c6bd1dac5751ac0c3fb53ef589,67108864.0,67108864.0,1.6983041763305664
62,0.000295708955809478,0.0003021760785486549,37.395263671875,5.245173931121826,9.677118784999038,1.585712482999952,1771.0850079228105,5d7b0c324507f7b473445e12ed414d0c0558753af08d3fc33fefde6c66886dba,33554432.0,67108864.0,1.6983041763305664
63,0.0002937268483665591,0.0003010990913026035,37.41071701049805,5.233636856079102,9.656292790999942,1.6032979629999318,1774.9047559923044,b2e8a3f5bbd3638be2b32d1131a2dac3d85cdc0df7152c61fb16178047de2d9e,33554432.0,33554432.0,1.6983041763305664
64,0.0002928133269590603,0.00029951464966870844,37.435062408447266,5.230229377746582,9.89053481100018,1.5958863500000007,1732.8688819676497,b1b89080ca8efc592371033a4d157ff7086b6f46714f934c178eb150644299ba,33554432.0,33554432.0,1.6983041763305664
65,0.00029216492147220716,0.0003027821076102555,37.41315460205078,5.22862434387207,9.648594786998729,1.5962101469995105,1776.3208403253113,86133c1bd2cb86d1c5bb6de34ae609ce826faaec7a16bac273dc76c07a4df3ff,33554432.0,33554432.0,1.6983041763305664
66,0.0002905182205366914,0.00029765101498924196,37.45815658569336,5.222561836242676,9.705178149000858,1.594361998999375,1765.9644920340231,6b061eafe6af0c9b33e3649999afd1631befc618c367b8da75fc48e675b2d11d,67108864.0,33554432.0,1.6983041763305664
67,0.0002892878948481085,0.00029677560087293386,37.46319580078125,5.211533546447754,10.34232125699964,1.5876841030003561,1657.1714970080238,b3e3731979f1c5af0bc7b49a97e08e8d1e7144ec7ef782ad4054e6806f367a62,67108864.0,67108864.0,1.6983041763305664
68,0.000288850625871461,0.0002948733454104513,37.48688888549805,5.201581954956055,10.04074124500039,1.5912300209984096,1706.9456907411156,e500db77212b68f20a678bc6195cf13b158087b5f3eed5deb827fb1eb4675a49,67108864.0,67108864.0,1.6983041763305664
69,0.0002869409958576598,0.00029311890830285847,37.50493621826172,5.194937705993652,9.770783718999155,1.5928085349987668,1754.1069880273217,1078aca563cbf3541f165c98035e49f7c3e7e4a5aa72b59a529d5432d8d00320,67108864.0,67108864.0,1.6983041763305664
70,0.00028632228671442904,0.00030033476650714874,37.43708419799805,5.223600387573242,9.914095603999158,1.5948115339997457,1728.7507287186593,35c7b4564898e3f123c8d38a002476c2b21208ac4a3304fb9cda1acbf50aaec4,67108864.0,67108864.0,1.6983041763305664
71,0.0002854893832993692,0.00029082075343467295,37.52006530761719,5.205102920532227,9.738319607000449,1.589773317999061,1759.954560094693,1b780678452f84ef8ae62f07ba4fa8a759f478652c694497111496b977702d34,67108864.0,67108864.0,1.6983041763305664
72,0.00028407023526159816,0.0002912595518864691,37.482398986816406,5.208230495452881,9.658154184000523,1.5901372649987024,1774.5626828356162,c4aefc5bd47e6141c94c6299e9d8ed6fe6ca247d7ee6a0b29e8ab7a4d0cd7597,67108864.0,67108864.0,1.6983041763305664
73,0.00028273145685814554,0.00028972551808692515,37.533775329589844,5.18946647644043,9.713843511999585,1.5868228250001266,1764.3891399761653,85688ce7fb3f45fe17e90d15a4292fcdd74ba3638b0fd97014dc0eca2d635e2e,67108864.0,67108864.0,1.6983041763305664
74,0.0002825357466457178,0.0002930231567006558,37.505977630615234,5.193223476409912,10.413960874000622,1.5959007479996217,1645.7714991794367,3e13a6beaee477f023105f75330f57895b579504f23f4958048beaaf9fccdec9,67108864.0,67108864.0,1.6983041763305664
75,0.0002815964550359666,0.0002857628569472581,37.58723068237305,5.17377233505249,10.174814062998848,1.585292293000748,1684.4533859666994,094437a869a875be9840c41ca81f505ae54fd9a6afb303fa4ee164a5d7e18d2a,67108864.0,67108864.0,1.6983041763305664
76,0.0002798078566285575,0.0002858109655790031,37.58188247680664,5.1715826988220215,9.750934195999434,1.5880804940006783,1757.6777419984749,b6b2860bee436bc1d83895d2c046ee9c20b547f12d0f62db9f9a14f68edafe48,67108864.0,67108864.0,1.6983041763305664
77,0.00027831075782117374,0.00028891945839859545,37.54203796386719,5.180389404296875,9.963606908999282,1.5914548420005303,1720.160194649971,7b9e9de5910cc95e70dad3adea8ff4ff4960141ed09aa8e3c3695a6c6b237f04,67108864.0,67108864.0,1.6983041763305664
78,0.00027761748128338475,0.0002855874481610954,37.59925842285156,5.166631698608398,9.91848594899966,1.5874720550000347,1727.9855098981689,f598f9591a174b4b977d04c8cd279d0ae910a333bd2bf78bf0f746373502f617,134217728.0,67108864.0,1.6983041763305664
79,0.0002771506742622093,0.0002827064017765224,37.615352630615234,5.164252281188965,9.757906415999969,1.5952013930000248,1756.4218459706997,c39f113050ccf7caafbe3545e947244d2d576a606d9aeb91834a182e25a30992,134217728.0,134217728.0,1.6983041763305664
80,0.00027630782237116704,0.0002828829165082425,37.58546829223633,5.19010591506958,9.607882308000626,1.5950916450001387,1783.847829373191,f0d00de472524ab420788cd2a36c6967e98061df35e7407e1da6c6ce6c257563,134217728.0,134217728.0,1.6983041763305664
81,0.00027545297019003853,0.00028332689544185996,37.610206604003906,5.1663408279418945,9.708755071000269,1.6000400400007493,1765.313871311228,85e3cde66f874b88d6a7e1ed14a2a768913d0c78f7716e00bddf8c8711b2e4e3,134217728.0,134217728.0,1.6983041763305664
82,0.0002737641288599937,0.00028129128622822464,37.639251708984375,5.151548862457275,9.78088020999894,1.587739149999834,1752.2962792734027,2f54a2e695b80639f18487322f48cfe9099b3d55677f2f9af9feb5c089ca8887,134217728.0,134217728.0,1.6983041763305664
83,0.0002732085761479056,0.00027897345717065036,37.63900375366211,5.16548490524292,9.701152559000548,1.5957917499999894,1766.6972966112935,6f00a49da7d07869cf52a739597b3c7f7096ec0928b580554b1f40ebe6ca6da1,134217728.0,134217728.0,1.6983041763305664
84,0.0002716617747565617,0.00027913530357182026,37.65825653076172,5.1545305252075195,9.767169970000396,1.6054352749997634,1754.7559889550387,ede461f29f372cf3955abb853381e249229aad8d28911e1fef098d25210588e6,134217728.0,134217728.0,1.6983041763305664
85,0.0002717948559388546,0.0002764302771538496,37.69154357910156,5.140725612640381,9.884580142999766,1.58697500100061,1733.9127967046527,7c08c9853973d493d1bab5f232688beab5a2a09bd7f808f2dc9f1ccbef1267c9,134217728.0,134217728.0,1.6983041763305664
86,0.00026972694131124317,0.00027660929481498897,37.682369232177734,5.149065971374512,9.8114542050007,1.5923863950010855,1746.8358555110615,ab4a3fb88191d8d3aa98d669453337d66d18f77c96cf5f3a9d78f35ce4de2ac6,134217728.0,134217728.0,1.6983041763305664
87,0.00026904482305027834,0.0002742117503657937,37.697444915771484,5.147029876708984,9.865210313000716,1.605520527000408,1737.31724476402,fda6ac8753f37e7e39a5fbaf719446be3bc4f06138d2121bb09150a93e9943fa,134217728.0,134217728.0,1.6983041763305664
88,0.00026786262817239654,0.0002859552332665771,37.60679626464844,5.1572065353393555,9.656337337000878,1.588386901999911,1774.8965681146276,9d4aa5f8ac53281b083130f8098cf76eef68c099387e11594b8e5c11645ed8af,134217728.0,134217728.0,1.6983041763305664
89,0.0002668647957971084,0.00027218350442126393,37.72179412841797,5.136353969573975,10.103557614998863,1.5847461539997312,1696.333178182399,9f02f2ea58c69d0ca5ba6b766d0e7532ac1315ada48606d3f8b40111a6c86953,134217728.0,134217728.0,1.6983041763305664
90,0.00026624963085480755,0.0002743014192674309,37.67607498168945,5.157081127166748,9.780691795000166,1.5816737610002747,1752.3300354645014,ab1941731eebf4e2a4ec12b1b4b9beb5469b6273403932e04078598ab2ca95f7,134217728.0,134217728.0,1.6983041763305664
91,0.0002648365819552634,0.0002697365707717836,37.75682067871094,5.124419212341309,9.698871221000445,1.584651388000566,1767.1128535957714,b122c592687ef7e2f119168d824a1442dbe940006ed0661ad38b03a79cb37bf3,134217728.0,134217728.0,1.6983041763305664
92,0.00026421027916095164,0.00026901799719780684,37.76064682006836,5.122110843658447,9.555150991998744,1.581815668998388,1793.692220494662,1b07cf7da4563613385dfd16481dbabb47626a7316364a66d2b88659e4506285,67108864.0,134217728.0,1.6983041763305664
93,0.00026300181114866116,0.00027034783852286637,37.75099563598633,5.118156433105469,9.545336557001065,1.5884324840008048,1795.5364797933012,1b56f6611e242a4521b683d3a4dd0d7078ffcd94c1fe54726ede715ad77c6068,67108864.0,67108864.0,1.6983041763305664
94,0.000262419810249561,0.0002668044180609286,37.78676223754883,5.112771034240723,9.553517492000537,1.6087436359994172,1793.9989134212638,2d45d94d4b777f334e70c9cbac1082d4047a57c23910051ae3677a3c1089050f,67108864.0,67108864.0,1.6983041763305664
95,0.00026182273299911696,0.0002684638893697411,37.77311325073242,5.1161417961120605,9.860090227999535,1.5931438930001605,1738.2193878237204,d5f476d7ce6d06e5987fb5901303051b4ed23d61a82e0845560d5af8d79159f7,67108864.0,67108864.0,1.6983041763305664
96,0.00026005206803615,0.00026753987185657024,37.76097106933594,5.136480808258057,9.743313948001742,1.5968166200000269,1759.0524221499647,308ebad64d06a1131132fdae48cca8fcf1612001f715977e6b9265cfd1961a8e,134217728.0,67108864.0,1.6983041763305664
97,0.0002593789447521839,0.00026432116283103824,37.80234146118164,5.105640888214111,9.677997118000349,1.590462653000941,1770.9242719366744,1d88db9b780b378115401a34691fbd1e56cd89e16832cf256b849ced2e5172b8,134217728.0,134217728.0,1.6983041763305664
98,0.00025827250289292477,0.0002633873373270035,37.8164176940918,5.110202312469482,9.71727359400029,1.596711187999972,1763.76633159553,afaed6729a0f8df26cf876c132d828536642fb2d10152ada6c39875e06b67937,134217728.0,134217728.0,1.6983041763305664
99,0.0002578304475647465,0.00026639414136298,37.77131652832031,5.138638496398926,10.426531028000682,1.5962319760001265,1643.7873683944192,507f8b9ac273ce32645baef51f3cbced24cd84d0575387eeb9b41141c601f598,67108864.0,134217728.0,1.6983041763305664
100,0.0002565648510359006,0.0002614648547023535,37.853328704833984,5.0962042808532715,9.906830247999096,1.5856919510006264,1730.018539831305,4a700954bdcc6ea45ffa4be91ac945a03a0b643b107ea3768111fbdc62ef3c61,67108864.0,67108864.0,1.6983041763305664
