epoch,stage,gate_mean,gate_std_mean,fraction_low,fraction_high,raw_residual_energy,injected_energy,MS_high_energy
1,1,1.0,0.0,0.0,1.0,0.0005413987976983966,0.0005413987976983966,0.00022682523725355472
1,2,1.0,0.0,0.0,1.0,0.0004467824825648374,0.0004467824825648374,9.405483372878128e-05
2,1,1.0,0.0,0.0,1.0,0.0005567351824235326,0.0005567351824235326,0.00023106249682314228
2,2,1.0,0.0,0.0,1.0,0.0005242627533637764,0.0005242627533637764,0.00013371421103632505
3,1,1.0,0.0,0.0,1.0,0.0005299574938059474,0.0005299574938059474,0.00022745057988989478
3,2,1.0,0.0,0.0,1.0,0.0005498041609826032,0.0005498041609826032,0.0001520406288667194
4,1,1.0,0.0,0.0,1.0,0.0004964480358466972,0.0004964480358466972,0.00022468415378777232
4,2,1.0,0.0,0.0,1.0,0.0005454250367620261,0.0005454250367620261,0.0001512098948902955
5,1,1.0,0.0,0.0,1.0,0.0004585606390416312,0.0004585606390416312,0.0002153645439951409
5,2,1.0,0.0,0.0,1.0,0.0005560439179438011,0.0005560439179438011,0.00014881207865376686
6,1,1.0,0.0,0.0,1.0,0.0004509530311527972,0.0004509530311527972,0.0002083352455883869
6,2,1.0,0.0,0.0,1.0,0.0005782794445015801,0.0005782794445015801,0.0001452492835293621
7,1,1.0,0.0,0.0,1.0,0.0004510259993063907,0.0004510259993063907,0.0002096789221468498
7,2,1.0,0.0,0.0,1.0,0.0005596342331652219,0.0005596342331652219,0.00012745621885793904
8,1,1.0,0.0,0.0,1.0,0.0004761268137372099,0.0004761268137372099,0.00021206888110706737
8,2,1.0,0.0,0.0,1.0,0.0005446388264923977,0.0005446388264923977,0.0001219190573162147
9,1,1.0,0.0,0.0,1.0,0.0004963719887503734,0.0004963719887503734,0.00021702625599573366
9,2,1.0,0.0,0.0,1.0,0.0005533644634851953,0.0005533644634851953,0.00011653326206821173
10,1,1.0,0.0,0.0,1.0,0.0005250553501052005,0.0005250553501052005,0.00022757064865193874
10,2,1.0,0.0,0.0,1.0,0.0005615329385667186,0.0005615329385667186,0.00011319325434063406
11,1,1.0,0.0,0.0,1.0,0.0005550639725697692,0.0005550639725697692,0.00024324912434773674
11,2,1.0,0.0,0.0,1.0,0.0005512399826936113,0.0005512399826936113,0.0001147453288770824
12,1,1.0,0.0,0.0,1.0,0.0005785816999074692,0.0005785816999074692,0.00026905418447616586
12,2,1.0,0.0,0.0,1.0,0.0005578355297378342,0.0005578355297378342,0.00011189969609404216
13,1,1.0,0.0,0.0,1.0,0.0006023328472413899,0.0006023328472413899,0.0002904552869343509
13,2,1.0,0.0,0.0,1.0,0.0005603521094599273,0.0005603521094599273,0.00011361178864414494
14,1,1.0,0.0,0.0,1.0,0.0006242737217689864,0.0006242737217689864,0.00030479147638592014
14,2,1.0,0.0,0.0,1.0,0.0005475566395034548,0.0005475566395034548,0.00010662164883494067
15,1,1.0,0.0,0.0,1.0,0.0006386074686209516,0.0006386074686209516,0.00032355865005229134
15,2,1.0,0.0,0.0,1.0,0.0005475505289117185,0.0005475505289117185,0.0001031290760996247
16,1,1.0,0.0,0.0,1.0,0.0006527666907156041,0.0006527666907156041,0.00033424988941987976
16,2,1.0,0.0,0.0,1.0,0.0005397470995376352,0.0005397470995376352,0.0001022433965166177
17,1,1.0,0.0,0.0,1.0,0.0006696332493447699,0.0006696332493447699,0.0003457893293064747
17,2,1.0,0.0,0.0,1.0,0.0005569686327362433,0.0005569686327362433,9.958973108344556e-05
18,1,1.0,0.0,0.0,1.0,0.0006702704134416612,0.0006702704134416612,0.0003556909347632124
18,2,1.0,0.0,0.0,1.0,0.0005523378804355161,0.0005523378804355161,9.950544093347465e-05
19,1,1.0,0.0,0.0,1.0,0.0006869169931936389,0.0006869169931936389,0.0003689404584292788
19,2,1.0,0.0,0.0,1.0,0.0005308276607441561,0.0005308276607441561,9.71398161103328e-05
20,1,1.0,0.0,0.0,1.0,0.0006958730458184922,0.0006958730458184922,0.0003739513898229537
20,2,1.0,0.0,0.0,1.0,0.0005376653656033644,0.0005376653656033644,9.569947542331647e-05
21,1,1.0,0.0,0.0,1.0,0.0007224859764392022,0.0007224859764392022,0.0003811793934194914
21,2,1.0,0.0,0.0,1.0,0.0005289769990971157,0.0005289769990971157,9.577439444304521e-05
22,1,1.0,0.0,0.0,1.0,0.0007279900285842208,0.0007279900285842208,0.00038749005094966077
22,2,1.0,0.0,0.0,1.0,0.0005354541050716458,0.0005354541050716458,9.87422860513713e-05
23,1,1.0,0.0,0.0,1.0,0.0007473733858205378,0.0007473733858205378,0.0004018018471469986
23,2,1.0,0.0,0.0,1.0,0.0005223973845810784,0.0005223973845810784,0.00010076219799278381
24,1,1.0,0.0,0.0,1.0,0.0008066492385599607,0.0008066492385599607,0.0004097685408244918
24,2,1.0,0.0,0.0,1.0,0.0005297111432203868,0.0005297111432203868,0.00010409307499988547
25,1,1.0,0.0,0.0,1.0,0.0007949929713504389,0.0007949929713504389,0.00041839661268265144
25,2,1.0,0.0,0.0,1.0,0.0005312635973192906,0.0005312635973192906,0.00010751009237234636
26,1,1.0,0.0,0.0,1.0,0.0008169686067655372,0.0008169686067655372,0.0004297882193592765
26,2,1.0,0.0,0.0,1.0,0.0005296796953189187,0.0005296796953189187,0.0001099965278020439
27,1,1.0,0.0,0.0,1.0,0.0008758668082009535,0.0008758668082009535,0.00043840174172752694
27,2,1.0,0.0,0.0,1.0,0.0005173105152304439,0.0005173105152304439,0.00011253812651072319
28,1,1.0,0.0,0.0,1.0,0.0009673335783494016,0.0009673335783494016,0.00045073879937262973
28,2,1.0,0.0,0.0,1.0,0.0005217920406721532,0.0005217920406721532,0.00011482621691053889
29,1,1.0,0.0,0.0,1.0,0.001021623465931043,0.001021623465931043,0.000458061191845142
29,2,1.0,0.0,0.0,1.0,0.000527832767450794,0.000527832767450794,0.00011732221749601497
30,1,1.0,0.0,0.0,1.0,0.0010513130691833794,0.0010513130691833794,0.00046244951408880297
30,2,1.0,0.0,0.0,1.0,0.000529824446857674,0.000529824446857674,0.00012103821154596517
31,1,1.0,0.0,0.0,1.0,0.001190205662472484,0.001190205662472484,0.00047852881289145444
31,2,1.0,0.0,0.0,1.0,0.0005272582093311939,0.0005272582093311939,0.00012197031537652947
32,1,1.0,0.0,0.0,1.0,0.001224604146652079,0.001224604146652079,0.00048221982433460653
32,2,1.0,0.0,0.0,1.0,0.0005344274043939853,0.0005344274043939853,0.00012709537440969143
33,1,1.0,0.0,0.0,1.0,0.0013110533000144642,0.0013110533000144642,0.0004882840385107556
33,2,1.0,0.0,0.0,1.0,0.0005319427194384237,0.0005319427194384237,0.00012590332729208362
34,1,1.0,0.0,0.0,1.0,0.0013831586996578455,0.0013831586996578455,0.000495657207769303
34,2,1.0,0.0,0.0,1.0,0.0005408294491644483,0.0005408294491644483,0.00013113506368730063
35,1,1.0,0.0,0.0,1.0,0.0015101993315814373,0.0015101993315814373,0.0005038813602974793
35,2,1.0,0.0,0.0,1.0,0.0005307253401648874,0.0005307253401648874,0.00013185590129675498
36,1,1.0,0.0,0.0,1.0,0.0015541681520213995,0.0015541681520213995,0.0005115839315597744
36,2,1.0,0.0,0.0,1.0,0.0005278002390696201,0.0005278002390696201,0.00013141542694938835
37,1,1.0,0.0,0.0,1.0,0.001619551665498875,0.001619551665498875,0.0005217599603687025
37,2,1.0,0.0,0.0,1.0,0.0005335764071787708,0.0005335764071787708,0.0001370133619881623
38,1,1.0,0.0,0.0,1.0,0.0018607957511752222,0.0018607957511752222,0.0005353143957715171
38,2,1.0,0.0,0.0,1.0,0.0005631148366470976,0.0005631148366470976,0.00014245241042469084
39,1,1.0,0.0,0.0,1.0,0.0016202275000978261,0.0016202275000978261,0.0005334052842348077
39,2,1.0,0.0,0.0,1.0,0.0005339433773769997,0.0005339433773769997,0.00013915382017633723
40,1,1.0,0.0,0.0,1.0,0.0016983866613979142,0.0016983866613979142,0.00054118241314427
40,2,1.0,0.0,0.0,1.0,0.0005378450890323924,0.0005378450890323924,0.00014108217237662757
41,1,1.0,0.0,0.0,1.0,0.001634390646358952,0.001634390646358952,0.0005481277288102623
41,2,1.0,0.0,0.0,1.0,0.000541227300952111,0.000541227300952111,0.00014053736776986625
42,1,1.0,0.0,0.0,1.0,0.0016762616772515078,0.0016762616772515078,0.0005548771356795138
42,2,1.0,0.0,0.0,1.0,0.0005469058075201853,0.0005469058075201853,0.00014521669678894492
43,1,1.0,0.0,0.0,1.0,0.001711182218665878,0.001711182218665878,0.0005608392275462393
43,2,1.0,0.0,0.0,1.0,0.0005509903494385071,0.0005509903494385071,0.00014613441423231657
44,1,1.0,0.0,0.0,1.0,0.0019062715873587877,0.0019062715873587877,0.0005749085406326534
44,2,1.0,0.0,0.0,1.0,0.0005650735559659855,0.0005650735559659855,0.0001507177339590271
45,1,1.0,0.0,0.0,1.0,0.0019134768420675148,0.0019134768420675148,0.0005882528639631346
45,2,1.0,0.0,0.0,1.0,0.0005548870346198479,0.0005548870346198479,0.00015308170865561502
46,1,1.0,0.0,0.0,1.0,0.0017596472607692704,0.0017596472607692704,0.0005864859607148295
46,2,1.0,0.0,0.0,1.0,0.0005562177296572676,0.0005562177296572676,0.00015240888296830235
47,1,1.0,0.0,0.0,1.0,0.0017194993221589054,0.0017194993221589054,0.0005999423580457611
47,2,1.0,0.0,0.0,1.0,0.0005470470423460938,0.0005470470423460938,0.00015152304877119604
48,1,1.0,0.0,0.0,1.0,0.0017472783292760141,0.0017472783292760141,0.0006131256486696657
48,2,1.0,0.0,0.0,1.0,0.0005527500785926046,0.0005527500785926046,0.00015744084763961533
49,1,1.0,0.0,0.0,1.0,0.0019344672982697375,0.0019344672982697375,0.0006292338045265448
49,2,1.0,0.0,0.0,1.0,0.000558483832719503,0.000558483832719503,0.00016582276172509106
50,1,1.0,0.0,0.0,1.0,0.0017641415130735065,0.0017641415130735065,0.000632406029884199
50,2,1.0,0.0,0.0,1.0,0.0005600496345626501,0.0005600496345626501,0.00016738813125508992
51,1,1.0,0.0,0.0,1.0,0.0017960582360198412,0.0017960582360198412,0.0006467528680029014
51,2,1.0,0.0,0.0,1.0,0.000557590833826301,0.000557590833826301,0.00016901231598846303
52,1,1.0,0.0,0.0,1.0,0.0016577204805798829,0.0016577204805798829,0.0006518893775743587
52,2,1.0,0.0,0.0,1.0,0.0005809372960356995,0.0005809372960356995,0.00017922253391589038
53,1,1.0,0.0,0.0,1.0,0.0018023217756611605,0.0018023217756611605,0.000661452360873227
53,2,1.0,0.0,0.0,1.0,0.0005867037895465425,0.0005867037895465425,0.00017978141477215104
54,1,1.0,0.0,0.0,1.0,0.0018125284720251027,0.0018125284720251027,0.0006800406032804555
54,2,1.0,0.0,0.0,1.0,0.0005881396197461678,0.0005881396197461678,0.0001828263514956537
55,1,1.0,0.0,0.0,1.0,0.0018605078124285985,0.0018605078124285985,0.0006874383925605798
55,2,1.0,0.0,0.0,1.0,0.0006110079715047808,0.0006110079715047808,0.00019333107350879194
56,1,1.0,0.0,0.0,1.0,0.001948439261468593,0.001948439261468593,0.0006991341227452116
56,2,1.0,0.0,0.0,1.0,0.0006159778131404892,0.0006159778131404892,0.00019407932116640345
57,1,1.0,0.0,0.0,1.0,0.00202196216317437,0.00202196216317437,0.0007038726671453333
57,2,1.0,0.0,0.0,1.0,0.0006121999103925191,0.0006121999103925191,0.000195337104742066
58,1,1.0,0.0,0.0,1.0,0.0019245306733258378,0.0019245306733258378,0.0007152567923185416
58,2,1.0,0.0,0.0,1.0,0.0006162120686591758,0.0006162120686591758,0.00019125245004640115
59,1,1.0,0.0,0.0,1.0,0.0021697992172751888,0.0021697992172751888,0.0007144225728552556
59,2,1.0,0.0,0.0,1.0,0.0006244604179907279,0.0006244604179907279,0.00019557576827840725
60,1,1.0,0.0,0.0,1.0,0.0018782270926749334,0.0018782270926749334,0.0007297125169619297
60,2,1.0,0.0,0.0,1.0,0.0006391049670734598,0.0006391049670734598,0.0001933747632089459
61,1,1.0,0.0,0.0,1.0,0.0020569950429489836,0.0020569950429489836,0.0007391589861072134
61,2,1.0,0.0,0.0,1.0,0.0006285219169512857,0.0006285219169512857,0.0001952377933776006
62,1,1.0,0.0,0.0,1.0,0.0020377447605521106,0.0020377447605521106,0.0007403736090054736
62,2,1.0,0.0,0.0,1.0,0.0006222019049649438,0.0006222019049649438,0.0001924120339632888
63,1,1.0,0.0,0.0,1.0,0.0022273867434705608,0.0022273867434705608,0.0007482962306918731
63,2,1.0,0.0,0.0,1.0,0.000625134120734098,0.000625134120734098,0.00018892867107448788
64,1,1.0,0.0,0.0,1.0,0.0023146468350508562,0.0023146468350508562,0.0007617998708155937
64,2,1.0,0.0,0.0,1.0,0.0006337478589557577,0.0006337478589557577,0.00019373156343741962
65,1,1.0,0.0,0.0,1.0,0.0024545659058882543,0.0024545659058882543,0.000778887882916024
65,2,1.0,0.0,0.0,1.0,0.0006243644359832009,0.0006243644359832009,0.00019223649966685721
66,1,1.0,0.0,0.0,1.0,0.002279575460609825,0.002279575460609825,0.0007809107931583034
66,2,1.0,0.0,0.0,1.0,0.000619304975164899,0.000619304975164899,0.00018630244145848943
67,1,1.0,0.0,0.0,1.0,0.002305287188695123,0.002305287188695123,0.0007884829847171204
67,2,1.0,0.0,0.0,1.0,0.0006179820835920206,0.0006179820835920206,0.00018696425043647955
68,1,1.0,0.0,0.0,1.0,0.0023336160666076466,0.0023336160666076466,0.000799147032618445
68,2,1.0,0.0,0.0,1.0,0.0006221847155150803,0.0006221847155150803,0.00018639613790583098
69,1,1.0,0.0,0.0,1.0,0.0023373439786761687,0.0023373439786761687,0.0008063535315159243
69,2,1.0,0.0,0.0,1.0,0.0006164507285575382,0.0006164507285575382,0.0001884231672496147
70,1,1.0,0.0,0.0,1.0,0.0023560298844434633,0.0023560298844434633,0.0008223940791746523
70,2,1.0,0.0,0.0,1.0,0.0006274676137157561,0.0006274676137157561,0.0001892233825249908
71,1,1.0,0.0,0.0,1.0,0.0023858124695834704,0.0023858124695834704,0.0008215638724019906
71,2,1.0,0.0,0.0,1.0,0.0006210332624808265,0.0006210332624808265,0.0001879453269187555
72,1,1.0,0.0,0.0,1.0,0.002536914386534287,0.002536914386534287,0.000840070185707494
72,2,1.0,0.0,0.0,1.0,0.0006181893647105122,0.0006181893647105122,0.00018770132555800956
73,1,1.0,0.0,0.0,1.0,0.0024986145217553712,0.0024986145217553712,0.0008480473837456278
73,2,1.0,0.0,0.0,1.0,0.0006251235815094939,0.0006251235815094939,0.0001891876860706058
74,1,1.0,0.0,0.0,1.0,0.002554683895141352,0.002554683895141352,0.0008458518392823559
74,2,1.0,0.0,0.0,1.0,0.0006153889480629005,0.0006153889480629005,0.00018842982778248066
75,1,1.0,0.0,0.0,1.0,0.0025338507524187057,0.0025338507524187057,0.000860452331835404
75,2,1.0,0.0,0.0,1.0,0.0006317977337554718,0.0006317977337554718,0.0001924935380278233
76,1,1.0,0.0,0.0,1.0,0.002554662224914258,0.002554662224914258,0.0008798679894728897
76,2,1.0,0.0,0.0,1.0,0.0006330442871937217,0.0006330442871937217,0.00019515723276223676
77,1,1.0,0.0,0.0,1.0,0.0025008989662940926,0.0025008989662940926,0.0008693848643209398
77,2,1.0,0.0,0.0,1.0,0.000619062724581454,0.000619062724581454,0.0001902567031114207
78,1,1.0,0.0,0.0,1.0,0.0026568939744417244,0.0026568939744417244,0.0008918601082162544
78,2,1.0,0.0,0.0,1.0,0.0006323605848592706,0.0006323605848592706,0.00019620069785257024
79,1,1.0,0.0,0.0,1.0,0.0027188935928279534,0.0027188935928279534,0.0008932163230686759
79,2,1.0,0.0,0.0,1.0,0.0006345205814189588,0.0006345205814189588,0.0001945639802822067
80,1,1.0,0.0,0.0,1.0,0.0027984458283754066,0.0027984458283754066,0.0009109967886615777
80,2,1.0,0.0,0.0,1.0,0.0006223611647631818,0.0006223611647631818,0.0002005173185655925
81,1,1.0,0.0,0.0,1.0,0.0027269939625208886,0.0027269939625208886,0.0009089868908631615
81,2,1.0,0.0,0.0,1.0,0.0006377206591423601,0.0006377206591423601,0.00019354684142551074
82,1,1.0,0.0,0.0,1.0,0.002860957759063846,0.002860957759063846,0.0009376980039329889
82,2,1.0,0.0,0.0,1.0,0.0006316943351218166,0.0006316943351218166,0.0001958740407038325
83,1,1.0,0.0,0.0,1.0,0.0030799774103797972,0.0030799774103797972,0.0009488617142778821
83,2,1.0,0.0,0.0,1.0,0.0006393692092387937,0.0006393692092387937,0.00019601806282783704
84,1,1.0,0.0,0.0,1.0,0.0031665017037691237,0.0031665017037691237,0.0009639384334150236
84,2,1.0,0.0,0.0,1.0,0.0006428991279487187,0.0006428991279487187,0.00020183339499150557
85,1,1.0,0.0,0.0,1.0,0.0031737669996800832,0.0031737669996800832,0.0009800146605509024
85,2,1.0,0.0,0.0,1.0,0.0006378320807319445,0.0006378320807319445,0.00019863960187649354
86,1,1.0,0.0,0.0,1.0,0.0031964205627446063,0.0031964205627446063,0.0009915004241823528
86,2,1.0,0.0,0.0,1.0,0.0006467593460304973,0.0006467593460304973,0.00020324574385692054
87,1,1.0,0.0,0.0,1.0,0.0035643001416853317,0.0035643001416853317,0.001016966678434983
87,2,1.0,0.0,0.0,1.0,0.0006475763220805675,0.0006475763220805675,0.00020295390459068585
88,1,1.0,0.0,0.0,1.0,0.0037548968127036155,0.0037548968127036155,0.0010212363364795844
88,2,1.0,0.0,0.0,1.0,0.0006474325709859841,0.0006474325709859841,0.00020530319185733484
89,1,1.0,0.0,0.0,1.0,0.0033619351816014387,0.0033619351816014387,0.0010364968172022297
89,2,1.0,0.0,0.0,1.0,0.000644540933232444,0.000644540933232444,0.00020382659810517603
90,1,1.0,0.0,0.0,1.0,0.003287436110743632,0.003287436110743632,0.001050055327747638
90,2,1.0,0.0,0.0,1.0,0.0006408594951305228,0.0006408594951305228,0.00020345207061230516
91,1,1.0,0.0,0.0,1.0,0.0036942627775715664,0.0036942627775715664,0.0010704063509668533
91,2,1.0,0.0,0.0,1.0,0.0006492062505761472,0.0006492062505761472,0.00020872343096319432
92,1,1.0,0.0,0.0,1.0,0.003828589091426693,0.003828589091426693,0.001073794430946388
92,2,1.0,0.0,0.0,1.0,0.0006514285923913121,0.0006514285923913121,0.0002066307903684598
93,1,1.0,0.0,0.0,1.0,0.0036712819419335574,0.0036712819419335574,0.0011141120461009753
93,2,1.0,0.0,0.0,1.0,0.000652271296227506,0.000652271296227506,0.00020915558282770993
94,1,1.0,0.0,0.0,1.0,0.004071959464151102,0.004071959464151102,0.0011043037544974748
94,2,1.0,0.0,0.0,1.0,0.0006526264599718464,0.0006526264599718464,0.00020993366403369387
95,1,1.0,0.0,0.0,1.0,0.004244654250214808,0.004244654250214808,0.0012182040979193214
95,2,1.0,0.0,0.0,1.0,0.0006523432797015024,0.0006523432797015024,0.000209486191427762
96,1,1.0,0.0,0.0,1.0,0.003670049457772014,0.003670049457772014,0.0011416507137861724
96,2,1.0,0.0,0.0,1.0,0.0006616116540196041,0.0006616116540196041,0.00021149389855660652
97,1,1.0,0.0,0.0,1.0,0.004461606527911499,0.004461606527911499,0.0011880745393379282
97,2,1.0,0.0,0.0,1.0,0.0006662719921829799,0.0006662719921829799,0.0002114693652401911
98,1,1.0,0.0,0.0,1.0,0.004348714297520928,0.004348714297520928,0.0011997515478772887
98,2,1.0,0.0,0.0,1.0,0.0006559838317722703,0.0006559838317722703,0.00021095761803735513
99,1,1.0,0.0,0.0,1.0,0.004300579283153638,0.004300579283153638,0.0012038767114669706
99,2,1.0,0.0,0.0,1.0,0.0006612883880734444,0.0006612883880734444,0.00021215979055947778
100,1,1.0,0.0,0.0,1.0,0.004668932291679084,0.004668932291679084,0.0012432985846923354
100,2,1.0,0.0,0.0,1.0,0.0006680464187714582,0.0006680464187714582,0.000214617334374149
