run_id,mode,seed,best_epoch,protocol,metric,mean,delta_from_B1
B1_QB_B1_k6_s42,B1,42,95,RR,SAM,4.822219011619271,0.0
B1_QB_B1_k6_s42,B1,42,95,RR,ERGAS,3.989427785626283,0.0
B1_QB_B1_k6_s42,B1,42,95,RR,PSNR,37.69042061791462,0.0
B1_QB_B1_k6_s42,B1,42,95,RR,SCC,0.9787135500884041,0.0
B1_QB_B1_k6_s42,B1,42,95,RR,Q2n,0.9248776356349662,0.0
B1_QB_B1_k6_s42,B1,42,95,RR,MSE_peak1,0.00020143506328618266,0.0
B1_QB_B1_k6_s42,B1,42,95,RR,PSNR_sensor_peak,37.69042061791462,0.0
B1_QB_B1_k6_s42,B1,42,95,RR,MS_consistency_MSE_peak1_interior,1.917111288207707e-06,0.0
B1_QB_B1_k6_s42,B1,42,95,RR,inference_ms,73.06347942352295,0.0
B1_QB_B1_k6_s42,B1,42,95,FR,D_lambda,0.044631925591889596,0.0
B1_QB_B1_k6_s42,B1,42,95,FR,D_s,0.07593486721832945,0.0
B1_QB_B1_k6_s42,B1,42,95,FR,QNR,0.8827078694042194,0.0
B1_QB_B1_k6_s42,B1,42,95,FR,MS_consistency_MSE_peak1_interior,0.0001667141947109485,0.0
B1_QB_B1_k6_s42,B1,42,95,FR,inference_ms,215.38977127075196,0.0
B2_QB_B2_k6_s42,B2,42,96,RR,SAM,4.831555822622462,0.009336811003191059
B2_QB_B2_k6_s42,B2,42,96,RR,ERGAS,4.047418196430732,0.057990410804448445
B2_QB_B2_k6_s42,B2,42,96,RR,PSNR,37.57050186740667,-0.11991875050794931
B2_QB_B2_k6_s42,B2,42,96,RR,SCC,0.977766662093338,-0.000946887995066148
B2_QB_B2_k6_s42,B2,42,96,RR,Q2n,0.9239306079738373,-0.000947027661128863
B2_QB_B2_k6_s42,B2,42,96,RR,MSE_peak1,0.00020622091889520755,4.78585560902489e-06
B2_QB_B2_k6_s42,B2,42,96,RR,PSNR_sensor_peak,37.57050186740667,-0.11991875050794931
B2_QB_B2_k6_s42,B2,42,96,RR,MS_consistency_MSE_peak1_interior,1.7779351011881772e-06,-1.3917618701952982e-07
B2_QB_B2_k6_s42,B2,42,96,RR,inference_ms,72.77850131988525,-0.28497810363769815
B2_QB_B2_k6_s42,B2,42,96,FR,D_lambda,0.03783759196611896,-0.006794333625770636
B2_QB_B2_k6_s42,B2,42,96,FR,D_s,0.06265293899095786,-0.013281928227371592
B2_QB_B2_k6_s42,B2,42,96,FR,QNR,0.9018442861174127,0.019136416713193327
B2_QB_B2_k6_s42,B2,42,96,FR,MS_consistency_MSE_peak1_interior,0.0001328055925114313,-3.3908602199517196e-05
B2_QB_B2_k6_s42,B2,42,96,FR,inference_ms,226.55952377319335,11.169752502441384
