original_commit	rewritten_commit
0720adf2aa095b8292c224903ae7711c5c8bc75c	559ee8e43cd78676396fa9cb3270410a82bd2ef8
15de27d3da0829384e83463e81e9af1b6c264a14	d8820a09a0c4c9858ffa850b6ff7e7457788ca01
249c212b066565de06fc3d2b06437c2e9ae3cf2f	5b481f87de47b2911a3bc5f8cae93fc63a2c9af2
3b930d265220790e119ffb89a44a64f01a65fad7	62598b33c06f835412e89ab0b6c050e0d97faee8
3e31e8922664a89cdce8a1a585960b65d6acdd8d	e7157a30e9d1c67e7a5e4efe2775d3efa3ac1956
5a908e0ede70c57d3cb644b630ceea35d561b525	d6cc169b8a8d8a0380e9f8ee2698c394a635eb10
619afb7649921c37135dedb0be11b738335b920a	95593e15d77781632de3c5006820d6cbb26b64c5
8960e61750acc87661c5d4dd86fce84e0cf1e2a2	1fa5162c96b4352fc45894f5ab0849e6a6a55ea5
980f7d7b6fcffb95ff1096bd5b6dd0505a52145c	530481c5b7602a26bc5288c856f57d0794b21a28
9e0ecdbfd7f4a08159d512c67e708d0bcf71b4d8	af972762fe1d967b5dbbefffd1aa0c5d4c5a7fb5
a01eb6512cf8ee986ae7e4ae550eba0fc6364929	f3cebe81fdde9de764a3629bd8f36769dc29a0b1
aecb6b9a4e39687995bc00d1e3bec82bbbb236f5	01dc6f469e0e54cb9077d306c78627120b5516f9
b3baaf47b0957d4e595ca982d6dc58a5e6759db9	fb609c1ebbb654807578c77c0775b66d252cb1c2
b8a019f5db44e0359134f5b8092dfe1a2b66f628	f62f76418df71c8400ea29428f634b5886d604f9
bd02347b3a9191ea22b07fcc762a1d2f94a131e4	393cfeebf48be55aac1c2b813b92fe681fa510cb
cd281add4414e5586edd6450468d9f07796c55a5	710ef389c63d25239e305b430c5e1333643aa7cc
d40659c71ae69558037f3b103434183fa870ae0b	acd7de056101cbc3c3f491e8d1342be5bf021d12
e84be3de650fd4612b5123679517f4dcb08c321d	ce99c2e23ed78de3b40a13261400101ad9aa52cf
f2e9a724b1f9d69f74f7f8bf35bf8ab3177bf665	23ca18eb39613987f61a951972424dd4396a874c
